City_ID,City,Country,Date,Lat,Lng,Max Temp,Humidity,Cloudiness,Wind Speed
0,Honningsvag,NO,2021-04-08 19:49:23,70.9821,25.9704,30.2,74,20,2.3
1,Bluff,NZ,2021-04-08 19:49:24,-46.6,168.3333,39.99,96,8,1.99
2,Kavieng,PG,2021-04-08 19:49:24,-2.5744,150.7967,79.61,83,100,9.46
3,Barrow,US,2021-04-08 19:49:24,71.2906,-156.7887,-16.6,63,75,8.05
4,Bonavista,CA,2021-04-08 19:45:36,48.6499,-53.1147,42.8,100,52,5.75
5,Ancud,CL,2021-04-08 19:49:25,-41.8697,-73.8203,59.0,63,75,11.5
6,Siguiri,GN,2021-04-08 19:49:25,11.6667,-9.5,91.92,8,1,3.36
7,Juneau,US,2021-04-08 19:49:26,58.3019,-134.4197,32.0,86,90,35.68
8,Rikitea,PF,2021-04-08 19:49:26,-23.1203,-134.9692,76.33,64,20,2.73
9,Bredasdorp,ZA,2021-04-08 19:49:27,-34.5322,20.0403,55.4,94,7,3.44
10,Butaritari,KI,2021-04-08 19:49:27,3.0707,172.7902,82.0,78,22,17.22
11,Lavrentiya,RU,2021-04-08 19:49:28,65.5833,-171.0,-10.23,83,5,2.3
12,Albany,US,2021-04-08 19:46:57,42.6001,-73.9662,73.99,27,11,1.01
13,Tocopilla,CL,2021-04-08 19:49:28,-22.092,-70.1979,72.86,69,97,14.16
14,New Norfolk,AU,2021-04-08 19:49:29,-42.7826,147.0587,52.0,66,57,1.99
15,Punta Arenas,CL,2021-04-08 19:48:49,-53.15,-70.9167,48.2,61,75,23.02
16,Constitucion,CL,2021-04-08 19:49:29,-35.3333,-72.4167,62.78,68,9,5.5
17,Hobart,AU,2021-04-08 19:49:29,-42.8794,147.3294,53.6,54,50,17.27
18,Busselton,AU,2021-04-08 19:49:30,-33.65,115.3333,48.0,83,0,14.65
19,Mar Del Plata,AR,2021-04-08 19:49:08,-38.0023,-57.5575,64.4,94,90,13.8
20,Ushuaia,AR,2021-04-08 19:49:08,-54.8,-68.3,44.6,76,40,32.21
21,Vaini,TO,2021-04-08 19:49:30,-21.2,-175.2,68.0,83,20,2.3
22,Cabo San Lucas,MX,2021-04-08 19:47:13,22.8909,-109.9124,88.0,39,20,11.5
23,Ciudad Bolivar,VE,2021-04-08 19:49:31,8.1222,-63.5497,98.53,28,79,5.7
24,Mataura,NZ,2021-04-08 19:49:31,-46.1927,168.8643,39.99,96,0,1.99
25,Klaksvik,FO,2021-04-08 19:49:32,62.2266,-6.589,28.4,69,20,25.32
26,Cape Town,ZA,2021-04-08 19:45:30,-33.9258,18.4232,64.99,82,0,13.8
27,Jamestown,US,2021-04-08 19:49:32,42.097,-79.2353,77.0,33,1,12.66
28,Rawah,IQ,2021-04-08 19:49:33,34.4816,41.9093,76.6,23,3,4.9
29,Joshimath,IN,2021-04-08 19:49:33,30.5667,79.5667,45.88,47,2,8.3
30,New Glasgow,CA,2021-04-08 19:49:33,45.5834,-62.6486,48.2,76,36,10.36
31,Puerto Ayora,EC,2021-04-08 19:49:34,-0.7393,-90.3518,86.0,66,40,17.27
32,Nanortalik,GL,2021-04-08 19:49:34,60.1432,-45.2371,37.65,72,95,10.36
33,Saint-Georges,GD,2021-04-08 19:49:35,12.0564,-61.7485,82.2,67,72,11.63
34,Kangaatsiaq,GL,2021-04-08 19:49:35,68.3065,-53.4641,28.53,97,100,13.31
35,Norman Wells,CA,2021-04-08 19:49:36,65.282,-126.8329,8.6,56,75,19.57
36,Victoria,HK,2021-04-08 19:49:36,22.2855,114.1577,70.0,85,100,3.0
37,Awjilah,LY,2021-04-08 19:49:36,29.1081,21.2869,72.0,19,1,10.54
38,Portland,US,2021-04-08 19:48:48,45.5234,-122.6762,54.0,43,75,10.36
39,Port Elizabeth,ZA,2021-04-08 19:49:37,-33.918,25.5701,62.6,94,20,6.91
40,Bereda,ES,2021-04-08 19:49:37,43.2686,-7.5406,48.99,84,5,3.0
41,Yellowknife,CA,2021-04-08 19:49:38,62.456,-114.3525,12.0,61,20,16.11
42,Torbay,CA,2021-04-08 19:49:38,47.6666,-52.7314,41.0,100,90,16.11
43,Geraldton,AU,2021-04-08 19:49:38,-28.7667,114.6,71.6,53,100,17.27
44,Jacareacanga,BR,2021-04-08 19:49:39,-6.2222,-57.7528,82.4,78,75,2.3
45,Narsaq,GL,2021-04-08 19:49:39,60.9167,-46.05,42.8,49,75,8.05
46,Talnakh,RU,2021-04-08 19:49:40,69.4865,88.3972,11.41,86,100,3.76
47,Saint-Philippe,RE,2021-04-08 19:46:50,-21.3585,55.7679,78.8,73,0,3.44
48,Mumford,GH,2021-04-08 19:49:40,5.2618,-0.759,81.93,85,96,11.05
49,Dilla,ET,2021-04-08 19:49:41,6.41,38.31,64.58,70,25,5.73
50,Sangar,RU,2021-04-08 19:49:41,63.9242,127.4739,17.24,91,100,19.55
51,Zwedru,LR,2021-04-08 19:49:41,6.0667,-8.1281,76.89,91,100,3.49
52,East London,ZA,2021-04-08 19:49:23,-33.0153,27.9116,67.14,82,64,5.99
53,Cap Malheureux,MU,2021-04-08 19:49:42,-19.9842,57.6142,81.0,69,100,5.01
54,Bandarbeyla,SO,2021-04-08 19:49:42,9.4942,50.8122,76.86,61,11,3.85
55,Avarua,CK,2021-04-08 19:49:43,-21.2078,-159.775,80.6,83,75,8.05
56,Bambous Virieux,MU,2021-04-08 19:49:43,-20.3428,57.7575,81.0,78,40,5.75
57,Kautokeino,NO,2021-04-08 19:49:44,69.0125,23.0412,-1.39,99,37,3.74
58,Kaputa,ZM,2021-04-08 19:49:44,-8.4689,29.6619,70.23,87,100,1.07
59,Hasaki,JP,2021-04-08 19:49:45,35.7333,140.8333,48.2,71,75,11.5
60,Inhambane,MZ,2021-04-08 19:49:45,-23.865,35.3833,73.8,80,97,7.45
61,Yangjiang,CN,2021-04-08 19:49:45,21.85,111.9667,67.66,86,100,9.1
62,Port Alfred,ZA,2021-04-08 19:49:46,-33.5906,26.891,66.85,86,75,5.57
63,Zhigansk,RU,2021-04-08 19:49:46,66.7697,123.3711,14.83,93,100,15.59
64,Qingdao,CN,2021-04-08 19:49:47,36.0986,120.3719,51.01,43,0,4.47
65,Maldonado,UY,2021-04-08 19:45:27,-34.6667,-54.9167,82.99,61,0,9.22
66,Ginir,ET,2021-04-08 19:47:10,7.1333,40.7,59.54,51,1,5.03
67,Vilyuysk,RU,2021-04-08 19:49:48,63.7553,121.6247,15.87,94,100,7.74
68,Port Blair,IN,2021-04-08 19:46:56,11.6667,92.75,80.56,75,6,0.92
69,Castro,BR,2021-04-08 19:49:48,-24.7911,-50.0119,68.81,67,83,6.58
70,Hermanus,ZA,2021-04-08 19:49:49,-34.4187,19.2345,64.99,77,6,8.99
71,Bima,ID,2021-04-08 19:45:18,-8.4667,118.7167,75.52,94,100,4.61
72,Ahipara,NZ,2021-04-08 19:49:49,-35.1667,173.1667,63.5,83,100,8.01
73,Anadyr,RU,2021-04-08 19:49:50,64.75,177.4833,-13.0,77,0,4.47
74,Chicama,PE,2021-04-08 19:49:50,-7.8447,-79.1469,69.8,83,20,14.97
75,Villacarrillo,ES,2021-04-08 19:49:50,38.1156,-3.0848,57.31,57,100,2.84
76,Kaitangata,NZ,2021-04-08 19:49:51,-46.2817,169.8464,48.99,97,1,4.0
77,Hilo,US,2021-04-08 19:49:51,19.7297,-155.09,75.2,64,20,12.66
78,Carnarvon,AU,2021-04-08 19:49:52,-24.8667,113.6333,73.4,83,70,12.66
79,Saskylakh,RU,2021-04-08 19:49:52,71.9167,114.0833,-15.07,99,100,6.87
80,Khatanga,RU,2021-04-08 19:49:52,71.9667,102.5,-25.11,100,100,3.0
81,San Quintin,MX,2021-04-08 19:49:53,30.4833,-115.95,69.33,55,2,17.94
82,Vila Franca Do Campo,PT,2021-04-08 19:49:53,37.7167,-25.4333,60.8,82,40,19.57
83,Iskateley,RU,2021-04-08 19:49:54,67.6803,53.1512,37.69,94,97,24.32
84,Palmer,US,2021-04-08 19:49:54,42.1584,-72.3287,73.0,33,40,5.12
85,Touros,BR,2021-04-08 19:49:54,-5.1989,-35.4608,86.0,58,20,12.66
86,Necochea,AR,2021-04-08 19:48:10,-38.5473,-58.7368,62.01,95,100,15.99
87,Taoudenni,ML,2021-04-08 19:49:55,22.6783,-3.9836,89.2,10,0,8.77
88,Alofi,NU,2021-04-08 19:49:55,-19.0595,-169.9187,73.4,94,53,2.3
89,Harper,LR,2021-04-08 19:49:56,4.375,-7.7169,80.29,84,9,6.2
90,Kapaa,US,2021-04-08 19:49:56,22.0752,-159.319,75.2,57,40,14.97
91,Ponta Do Sol,PT,2021-04-08 19:47:35,32.6667,-17.1,61.0,77,95,1.01
92,Sitka,US,2021-04-08 19:49:57,57.0531,-135.33,35.6,87,90,23.02
93,Agnibilekrou,CI,2021-04-08 19:49:57,7.1344,-3.2047,72.81,92,100,7.29
94,Thinadhoo,MV,2021-04-08 19:49:58,0.5333,72.9333,82.17,73,19,13.11
95,Te Anau,NZ,2021-04-08 19:48:28,-45.4167,167.7167,45.36,90,22,2.59
96,Paamiut,GL,2021-04-08 19:47:57,61.994,-49.6678,34.75,74,100,23.06
97,Matara,LK,2021-04-08 19:49:58,5.9485,80.5353,76.53,85,13,3.94
98,Leh,IN,2021-04-08 19:49:58,34.1667,77.5833,27.66,39,32,5.17
99,Ribeira Grande,PT,2021-04-08 19:49:59,38.5167,-28.7,60.8,77,40,16.11
100,Boguchany,RU,2021-04-08 19:49:59,58.3814,97.4531,26.42,99,63,2.57
101,Sayansk,RU,2021-04-08 19:50:00,54.1088,102.1648,28.2,96,100,2.84
102,Broome,US,2021-04-08 19:50:00,42.2506,-75.833,71.01,32,1,10.36
103,Tsurib,RU,2021-04-08 19:50:01,42.2368,46.8307,46.71,64,0,11.36
104,Lorengau,PG,2021-04-08 19:50:01,-2.0226,147.2712,81.97,81,100,13.6
105,Sinnamary,GF,2021-04-08 19:50:01,5.3833,-52.95,76.01,91,100,9.62
106,Sur,OM,2021-04-08 19:50:02,22.5667,59.5289,79.86,57,0,10.94
107,Bethel,US,2021-04-08 19:49:13,41.3712,-73.414,73.99,33,1,5.97
108,Tuktoyaktuk,CA,2021-04-08 19:50:02,69.4541,-133.0374,-13.0,70,20,6.2
109,Qaanaaq,GL,2021-04-08 19:50:03,77.484,-69.3632,11.35,71,100,2.28
110,Provost,CA,2021-04-08 19:50:03,52.3501,-110.2683,35.6,100,100,18.41
111,Karratha,AU,2021-04-08 19:50:04,-20.7377,116.8463,82.9,72,87,12.62
112,Otofuke,JP,2021-04-08 19:50:04,42.9917,143.2003,28.36,56,0,5.35
113,Cherskiy,RU,2021-04-08 19:50:05,68.75,161.3,-5.62,95,55,5.73
114,Kichera,RU,2021-04-08 19:45:20,55.9375,110.0997,26.98,89,91,4.12
115,Vila Velha,BR,2021-04-08 19:48:11,-20.3297,-40.2925,77.0,88,40,4.61
116,Lagoa,PT,2021-04-08 19:50:05,39.05,-27.9833,58.91,88,5,20.69
117,Cordele,US,2021-04-08 19:50:06,31.9635,-83.7824,78.01,53,75,13.8
118,Hofn,IS,2021-04-08 19:50:06,64.2539,-15.2082,24.84,55,100,21.65
119,Iqaluit,CA,2021-04-08 19:50:07,63.7506,-68.5145,37.4,65,90,5.75
120,Tsiroanomandidy,MG,2021-04-08 19:50:07,-18.7667,46.0333,67.26,90,100,2.35
121,Bolu,TR,2021-04-08 19:50:08,40.6667,31.5833,32.52,96,98,6.13
122,Kamenka,RU,2021-04-08 19:50:08,51.3223,42.7678,42.01,65,100,5.55
123,Cap-Aux-Meules,CA,2021-04-08 19:50:09,47.3821,-61.8597,42.8,81,1,14.97
124,Kodiak,US,2021-04-08 19:46:48,57.79,-152.4072,35.6,51,1,24.16
125,Chuy,UY,2021-04-08 19:50:09,-33.6971,-53.4616,77.65,66,100,7.11
126,Lloydminster,CA,2021-04-08 19:47:20,53.2835,-110.0016,39.2,65,90,18.41
127,Mount Pleasant,US,2021-04-08 19:50:10,32.7941,-79.8626,79.0,47,1,8.05
128,Tevaitoa,PF,2021-04-08 19:50:11,-16.7833,-151.5,81.59,71,45,11.21
129,Mahebourg,MU,2021-04-08 19:46:13,-20.4081,57.7,78.8,78,40,5.75
130,Dossor,KZ,2021-04-08 19:50:11,47.5272,52.9811,57.88,38,5,14.32
131,Uruzgan,AF,2021-04-08 19:50:12,32.8333,66.0,57.33,22,3,2.08
132,Trapani,IT,2021-04-08 19:50:12,37.8333,12.6667,50.0,71,0,5.75
133,Dikson,RU,2021-04-08 19:50:13,73.5069,80.5464,0.52,79,13,12.28
134,Cody,US,2021-04-08 19:50:13,44.5263,-109.0565,63.0,21,75,10.36
135,Sari,IR,2021-04-08 19:50:14,36.5633,53.0601,64.09,65,18,5.28
136,Arraial Do Cabo,BR,2021-04-08 19:50:14,-22.9661,-42.0278,77.0,73,40,6.91
137,Taicheng,CN,2021-04-08 19:50:14,38.731,113.228,46.47,74,91,1.79
138,Sterlibashevo,RU,2021-04-08 19:50:15,53.4376,55.2578,34.07,98,93,6.8
139,Rio Gallegos,AR,2021-04-08 19:50:16,-51.6226,-69.2181,51.8,37,0,24.16
140,Tarut,SA,2021-04-08 19:50:16,26.5733,50.0369,77.0,23,0,4.61
141,Alyangula,AU,2021-04-08 19:50:16,-13.8483,136.4192,71.6,100,49,2.3
142,Yerbogachen,RU,2021-04-08 19:47:31,61.2767,108.0108,14.52,90,100,9.46
143,Chokurdakh,RU,2021-04-08 19:50:17,70.6333,147.9167,-10.19,93,99,5.23
144,Nkhata Bay,MW,2021-04-08 19:50:18,-11.6066,34.2907,70.36,85,25,5.32
145,Cayambe,EC,2021-04-08 19:47:07,0.05,-78.1333,69.8,52,40,11.5
146,Flinders,AU,2021-04-08 19:50:18,-34.5833,150.8552,63.0,90,100,1.01
147,Cehal,RO,2021-04-08 19:50:19,47.3833,22.6,36.0,93,75,4.29
148,Tiarei,PF,2021-04-08 19:50:19,-17.5333,-149.3333,84.2,65,75,3.44
149,Puerto El Triunfo,SV,2021-04-08 19:50:19,13.2833,-88.55,95.0,43,40,2.3
150,Sokoni,TZ,2021-04-08 19:50:20,-6.4333,39.55,75.2,94,20,5.75
151,Katsuura,JP,2021-04-08 19:50:20,35.1333,140.3,51.01,74,38,5.01
152,Jacksonville,US,2021-04-08 19:48:28,30.3322,-81.6556,84.2,36,75,14.97
153,Port Lincoln,AU,2021-04-08 19:50:21,-34.7333,135.8667,60.42,68,68,14.65
154,Tuatapere,NZ,2021-04-08 19:50:21,-46.1333,167.6833,41.0,96,5,1.99
155,Grindavik,IS,2021-04-08 19:50:22,63.8424,-22.4338,23.0,63,75,23.02
156,Kugulta,RU,2021-04-08 19:50:22,45.3636,42.3889,50.0,93,90,8.95
157,Seydisehir,TR,2021-04-08 19:50:22,37.4193,31.8453,46.29,77,9,4.63
158,Preston,GB,2021-04-08 19:50:23,53.7667,-2.7167,46.99,87,75,27.63
159,Yulara,AU,2021-04-08 19:50:23,-25.2406,130.9889,64.4,45,33,5.75
160,Dolores Hidalgo,MX,2021-04-08 19:45:27,21.1561,-100.9308,86.0,16,2,1.01
161,Ndele,CF,2021-04-08 19:50:24,8.4109,20.6473,85.77,28,100,6.15
162,Novopokrovka,UA,2021-04-08 19:50:24,49.8425,36.5477,39.2,52,0,6.71
163,Swan Hill,AU,2021-04-08 19:50:25,-35.3378,143.5544,63.99,73,100,12.01
164,Tarko-Sale,RU,2021-04-08 19:50:25,64.9225,77.785,15.6,98,92,6.29
165,Rensvik,NO,2021-04-08 19:50:25,63.1,7.8167,33.8,86,75,4.61
166,Tra Vinh,VN,2021-04-08 19:50:26,9.9347,106.3453,78.6,82,60,3.31
167,San Lawrenz,MT,2021-04-08 19:50:27,36.0553,14.204,53.01,62,20,6.91
168,Hualmay,PE,2021-04-08 19:50:27,-11.0964,-77.6139,73.49,77,64,9.22
169,Rurrenabaque,BO,2021-04-08 19:50:28,-14.4413,-67.5278,91.4,70,75,3.98
170,Sovetsk,RU,2021-04-08 19:50:28,55.0839,21.8785,35.83,87,11,10.2
171,Los Llanos De Aridane,ES,2021-04-08 19:50:29,28.6585,-17.9182,69.8,78,40,6.15
172,Hibbing,US,2021-04-08 19:50:29,47.4272,-92.9377,50.0,93,90,8.05
173,La Rioja,ES,2021-04-08 19:50:30,42.25,-2.5,55.4,88,0,5.75
174,Eucaliptus,BO,2021-04-08 19:50:30,-17.5833,-67.5167,64.33,22,9,7.18
175,Kushiro,JP,2021-04-08 19:50:30,42.975,144.3747,30.29,62,3,8.19
176,Atuona,PF,2021-04-08 19:50:31,-9.8,-139.0333,80.96,76,9,16.8
177,West Wendover,US,2021-04-08 19:50:31,40.7391,-114.0733,64.4,16,1,17.27
178,Gamba,GA,2021-04-08 19:50:31,-2.65,10.0,80.2,87,100,5.19
179,Moses Lake,US,2021-04-08 19:50:32,47.1301,-119.2781,57.2,21,1,17.27
180,Half Moon Bay,US,2021-04-08 19:50:32,37.4636,-122.4286,64.0,71,20,12.66
181,Shillong,IN,2021-04-08 19:50:33,25.5689,91.8831,69.8,78,75,4.21
182,Sokoto,NG,2021-04-08 19:50:33,13.0609,5.239,92.95,8,12,8.75
183,El Cope,PA,2021-04-08 19:50:33,8.6167,-80.6,82.4,78,75,5.75
184,Portales,US,2021-04-08 19:50:34,34.1862,-103.3344,78.01,7,1,16.11
185,Codrington,AU,2021-04-08 19:50:34,-38.2667,141.9667,55.78,70,100,14.34
186,Bud,US,2021-04-08 19:50:35,39.447,-86.1758,64.99,88,90,13.8
187,Panguna,PG,2021-04-08 19:50:35,-6.3164,155.4848,67.93,96,100,1.21
188,Trairi,BR,2021-04-08 19:48:12,-3.2778,-39.2689,81.25,78,73,11.72
189,Makakilo City,US,2021-04-08 19:50:36,21.3469,-158.0858,75.2,50,1,10.36
190,Debre Tabor,ET,2021-04-08 19:50:36,11.85,38.0167,64.54,20,11,4.5
191,Kaduna,NG,2021-04-08 19:50:36,10.5222,7.4383,87.21,11,42,7.2
192,Hithadhoo,MV,2021-04-08 19:50:37,-0.6,73.0833,82.83,68,13,14.79
193,Aban,RU,2021-04-08 19:50:37,56.67,96.06,28.38,94,98,2.64
194,Faanui,PF,2021-04-08 19:50:38,-16.4833,-151.75,81.81,69,23,11.54
195,Ceres,US,2021-04-08 19:50:38,37.5949,-120.9577,69.01,45,1,11.5
196,Padang,ID,2021-04-08 19:50:38,-0.9492,100.3543,77.0,94,90,2.3
197,Ostrovnoy,RU,2021-04-08 19:50:39,68.0531,39.5131,33.78,98,100,8.75
198,Provideniya,RU,2021-04-08 19:50:39,64.3833,-173.3,-2.2,71,20,4.03
199,Nemuro,JP,2021-04-08 19:50:40,43.3236,145.575,30.97,61,1,11.68
200,Upernavik,GL,2021-04-08 19:47:15,72.7868,-56.1549,25.36,66,100,7.2
201,Meulaboh,ID,2021-04-08 19:50:40,4.1363,96.1285,76.66,89,96,4.52
202,Zemio,CF,2021-04-08 19:50:41,5.0314,25.1361,75.22,69,100,4.16
203,Ust-Koksa,RU,2021-04-08 19:50:41,50.2696,85.6108,32.32,93,85,1.03
204,Guerrero Negro,MX,2021-04-08 19:50:42,27.9769,-114.0611,76.03,46,0,19.22
205,Bubaque,GW,2021-04-08 19:50:42,11.2833,-15.8333,77.04,74,11,20.18
206,San Cristobal,VE,2021-04-08 19:46:05,7.7669,-72.225,89.6,55,40,16.11
207,Yabassi,CM,2021-04-08 19:50:43,4.457,9.9682,82.4,89,75,3.44
208,Pemangkat,ID,2021-04-08 19:50:43,1.1667,108.9667,77.47,85,93,5.19
209,Pathein,MM,2021-04-08 19:50:44,16.7833,94.7333,77.45,79,0,6.46
210,Mtimbira,TZ,2021-04-08 19:50:44,-8.7833,36.35,70.77,86,68,2.8
211,Shingu,JP,2021-04-08 19:50:45,33.7333,135.9833,48.16,80,28,6.02
212,Korla,CN,2021-04-08 19:50:45,41.7597,86.1469,54.01,48,95,8.32
213,Tasiilaq,GL,2021-04-08 19:50:46,65.6145,-37.6368,24.8,54,20,5.26
214,Bay-Khaak,RU,2021-04-08 19:50:46,51.1667,94.5,34.03,74,36,2.19
215,Tautira,PF,2021-04-08 19:50:46,-17.7333,-149.15,84.2,65,75,3.44
216,Port Augusta,AU,2021-04-08 19:50:47,-32.5,137.7667,68.0,73,40,14.97
217,Namatanai,PG,2021-04-08 19:50:47,-3.6667,152.4333,75.99,91,100,7.34
218,Charleston,US,2021-04-08 19:48:15,32.7766,-79.9309,82.4,57,1,9.22
219,Mercedes,AR,2021-04-08 19:46:22,-34.6515,-59.4307,68.0,66,88,4.0
220,Kutulik,RU,2021-04-08 19:50:48,53.3508,102.7839,31.91,92,100,3.8
221,Erzin,TR,2021-04-08 19:50:48,36.9559,36.2,63.0,85,95,2.37
222,Waconia,US,2021-04-08 19:50:49,44.8508,-93.7869,63.0,94,90,3.44
223,Kalmunai,LK,2021-04-08 19:50:49,7.4167,81.8167,77.72,80,28,5.12
224,Dunhua,CN,2021-04-08 19:50:49,43.3725,128.2425,25.66,41,0,2.91
225,Borogontsy,RU,2021-04-08 19:50:50,62.6683,131.1683,20.71,94,100,10.69
226,Longyearbyen,SJ,2021-04-08 19:50:50,78.2186,15.6401,26.6,68,20,12.66
227,Oistins,BB,2021-04-08 19:50:51,13.0667,-59.5333,86.0,54,40,12.66
228,Samarai,PG,2021-04-08 19:47:29,-10.6167,150.6667,79.92,82,99,12.08
229,Monrovia,LR,2021-04-08 19:50:51,6.3005,-10.7969,82.4,89,20,4.61
230,Nisia Floresta,BR,2021-04-08 19:50:51,-6.0911,-35.2086,86.0,62,20,19.57
231,Roma,US,2021-04-08 19:49:40,43.2128,-75.4557,75.2,33,1,8.05
232,Rudbar,AF,2021-04-08 19:50:52,30.15,62.6,72.84,14,30,0.63
233,Mayo,US,2021-04-08 19:50:53,38.8876,-76.5119,70.0,48,1,9.22
234,Tomatlan,MX,2021-04-08 19:50:53,19.9333,-105.25,89.04,34,23,10.09
235,Fortuna,US,2021-04-08 19:50:32,40.5982,-124.1573,57.0,62,1,16.11
236,Auki,SB,2021-04-08 19:48:14,-8.7676,160.7034,76.1,86,100,5.53
237,Seymchan,RU,2021-04-08 19:50:54,62.8833,152.4333,-11.43,99,100,0.47
238,Georgetown,MY,2021-04-08 19:50:24,5.4112,100.3354,80.6,94,20,7.25
239,Airai,TL,2021-04-08 19:50:54,-8.9266,125.4092,58.48,92,79,1.83
240,Coihaique,CL,2021-04-08 19:50:55,-45.5752,-72.0662,53.6,71,90,4.61
241,Vorobyevka,RU,2021-04-08 19:50:55,50.6451,40.9245,42.42,57,100,1.48
242,Mier,MX,2021-04-08 19:50:56,26.4333,-99.15,98.6,23,1,10.36
243,Baruun-Urt,MN,2021-04-08 19:50:56,46.6806,113.2792,40.12,28,70,6.49
244,Aktau,KZ,2021-04-08 19:50:56,43.65,51.2,55.4,47,0,13.42
245,Teguldet,RU,2021-04-08 19:50:57,57.3064,88.1667,27.66,99,72,3.6
246,San Patricio,US,2021-04-08 19:50:57,28.017,-97.5169,95.0,31,1,12.66
247,Bengkulu,ID,2021-04-08 19:50:58,-3.8004,102.2655,75.88,88,68,4.68
248,Saint George,US,2021-04-08 19:50:58,37.1041,-113.5841,80.01,13,1,12.66
249,Kutum,SD,2021-04-08 19:50:58,14.2,24.6667,79.03,5,100,12.37
250,Anahuac,MX,2021-04-08 19:50:59,27.2333,-100.15,96.8,24,1,8.05
251,Axim,GH,2021-04-08 19:50:59,4.8699,-2.2405,81.59,86,91,6.64
252,Christchurch,NZ,2021-04-08 19:48:33,-43.5333,172.6333,53.6,94,90,3.44
253,Beringovskiy,RU,2021-04-08 19:51:00,63.05,179.3167,-6.88,96,46,2.84
254,Yabrud,SY,2021-04-08 19:51:00,33.9674,36.6574,62.6,48,0,16.11
255,Adre,TD,2021-04-08 19:51:01,13.4667,22.2,83.89,8,100,10.56
256,Tubmanburg,LR,2021-04-08 19:51:01,6.8708,-10.8172,78.48,85,26,4.59
257,Gazanjyk,TM,2021-04-08 19:51:01,39.2446,55.5154,74.26,26,0,8.23
258,Conde,BR,2021-04-08 19:51:02,-7.2597,-34.9075,84.2,70,40,14.97
259,Lebu,CL,2021-04-08 19:51:02,-37.6167,-73.65,59.65,69,3,7.74
260,Port Keats,AU,2021-04-08 19:51:02,-14.25,129.55,80.82,81,25,6.33
261,Umm Lajj,SA,2021-04-08 19:51:03,25.0213,37.2685,77.61,46,2,6.58
262,Novaya Ladoga,RU,2021-04-08 19:51:03,60.1025,32.3019,32.0,26,68,9.66
263,Coello,CO,2021-04-08 19:51:04,4.2891,-74.8982,89.11,54,79,3.74
264,Puteyets,RU,2021-04-08 19:51:04,65.1716,57.091,39.36,82,82,18.61
265,Ituiutaba,BR,2021-04-08 19:51:04,-18.9689,-49.465,83.98,41,99,9.57
266,Beloha,MG,2021-04-08 19:51:05,-25.1667,45.05,71.64,87,11,11.77
267,Chauk,MM,2021-04-08 19:50:07,20.8833,94.8167,82.36,55,0,7.63
268,Nome,US,2021-04-08 19:51:05,64.5011,-165.4064,-4.0,54,1,14.97
269,Vardo,NO,2021-04-08 19:48:16,70.3705,31.1107,32.0,80,40,12.66
270,Soyo,AO,2021-04-08 19:51:06,-6.1349,12.3689,81.34,82,100,5.39
271,Muros,ES,2021-04-08 19:48:22,42.7762,-9.0603,57.0,83,23,5.01
272,Westport,US,2021-04-08 19:46:24,41.1415,-73.3579,66.99,51,1,9.22
273,Teluk Intan,MY,2021-04-08 19:51:06,4.0259,101.0213,80.01,94,40,1.7
274,Severo-Kurilsk,RU,2021-04-08 19:51:07,50.6789,156.125,32.05,80,100,39.77
275,Kruisfontein,ZA,2021-04-08 19:51:07,-34.0033,24.7314,62.01,92,7,1.01
276,Soyalo,MX,2021-04-08 19:51:08,16.9,-92.9167,93.2,29,40,12.66
277,Coolum Beach,AU,2021-04-08 19:51:09,-26.5333,153.1,64.0,98,5,3.31
278,Bowen,AU,2021-04-08 19:51:09,-20.0167,148.2333,69.8,94,100,5.32
279,Belmonte,BR,2021-04-08 19:51:09,-15.8631,-38.8828,80.6,78,75,16.11
280,Maneromango,TZ,2021-04-08 19:51:10,-7.1988,38.7848,75.2,94,20,5.75
281,Ulagan,RU,2021-04-08 19:51:10,50.6321,87.9563,31.86,91,99,2.3
282,Grobina,LV,2021-04-08 19:51:11,56.5352,21.1678,39.2,93,20,12.66
283,Tonantins,BR,2021-04-08 19:51:11,-2.8731,-67.8022,84.61,76,100,1.23
284,Beira,MZ,2021-04-08 19:51:11,-19.8436,34.8389,78.8,78,20,6.26
285,Saldanha,ZA,2021-04-08 19:51:12,-33.0117,17.9442,62.6,77,86,10.36
286,Mathbaria,BD,2021-04-08 19:51:12,22.2876,89.9593,76.03,86,0,7.78
287,Cidreira,BR,2021-04-08 19:51:12,-30.1811,-50.2056,75.63,79,26,22.08
288,Svetlogorsk,BY,2021-04-08 19:51:13,52.6333,29.7333,32.31,88,39,7.25
289,Sahuaripa,MX,2021-04-08 19:51:13,29.05,-109.2333,97.09,6,0,8.86
290,Pavlodar,KZ,2021-04-08 19:51:14,52.3,76.95,41.0,87,0,13.42
291,Limbang,MY,2021-04-08 19:51:14,4.75,115.0,77.0,100,75,4.61
292,Tome,CL,2021-04-08 19:51:14,-36.6167,-72.95,60.8,88,90,3.44
293,Raymondville,US,2021-04-08 19:51:15,26.4815,-97.7831,95.0,29,1,4.61
294,Sovetskaya Gavan,RU,2021-04-08 19:51:15,48.9723,140.2878,28.11,76,100,12.86
295,Adrar,MR,2021-04-08 19:51:16,20.5022,-10.0711,84.76,12,0,6.38
296,Sadovoye,RU,2021-04-08 19:51:16,47.7764,44.5089,52.99,92,100,12.12
297,Sterling,US,2021-04-08 19:51:17,39.0062,-77.4286,73.0,40,75,13.8
298,College,US,2021-04-08 19:51:17,64.8569,-147.8028,14.0,57,75,11.5
299,Ayan,RU,2021-04-08 19:51:18,56.45,138.1667,9.28,92,84,6.13
300,Poronaysk,RU,2021-04-08 19:48:21,49.2167,143.1167,26.26,75,100,16.75
301,Bobrovka,RU,2021-04-08 19:51:18,54.047,61.7455,33.98,94,100,6.11
302,Sorland,NO,2021-04-08 19:51:19,67.667,12.6934,30.2,74,20,6.91
303,Maceio,BR,2021-04-08 19:51:19,-9.6658,-35.7353,84.2,65,40,14.97
304,Hami,CN,2021-04-08 19:51:20,42.8,93.45,61.07,26,100,11.99
305,Chaoyang,CN,2021-04-08 19:51:20,41.5703,120.4586,44.02,24,86,2.28
306,Kungurtug,RU,2021-04-08 19:51:20,50.5994,97.5228,26.8,93,96,0.74
307,Thompson,CA,2021-04-08 19:46:58,55.7435,-97.8558,53.6,30,40,9.22
308,Vanderhoof,CA,2021-04-08 19:51:21,54.0166,-124.0198,41.52,33,20,10.31
309,Rampur Hat,IN,2021-04-08 19:51:21,24.1667,87.7833,78.53,82,0,10.47
310,Gigmoto,PH,2021-04-08 19:51:22,13.7796,124.39,75.69,84,75,5.01
311,Pisco,PE,2021-04-08 19:51:22,-13.7,-76.2167,75.0,68,0,10.36
312,Miraflores,MX,2021-04-08 19:51:22,19.2167,-98.8083,80.6,12,40,6.91
313,Lima,PE,2021-04-08 19:50:37,-12.0432,-77.0282,75.2,64,0,4.61
314,Mount Gambier,AU,2021-04-08 19:51:23,-37.8333,140.7667,53.6,76,90,8.05
315,Ulaanbaatar,MN,2021-04-08 19:49:26,47.9077,106.8832,21.2,68,0,4.14
316,Atlantic City,US,2021-04-08 19:51:23,39.3643,-74.4229,62.6,48,1,5.75
317,Faya,SA,2021-04-08 19:51:24,18.3851,42.4509,68.0,48,0,4.54
318,Fos-Sur-Mer,FR,2021-04-08 19:51:24,43.4377,4.9446,50.0,62,0,6.91
319,Eyrarbakki,IS,2021-04-08 19:51:25,63.863,-21.1481,24.8,58,40,21.85
320,Fort-Shevchenko,KZ,2021-04-08 19:51:25,44.5086,50.263,63.32,37,0,17.72
321,Sabla,NG,2021-04-08 19:51:25,12.7525,4.7077,93.43,9,89,8.34
322,Shimoda,JP,2021-04-08 19:51:26,34.6667,138.95,53.01,64,2,4.0
323,Changtu,CN,2021-04-08 19:51:26,42.7788,124.0955,36.68,23,6,3.98
324,Kathmandu,NP,2021-04-08 19:49:57,27.7167,85.3167,59.0,72,20,2.3
325,Bonthe,SL,2021-04-08 19:51:27,7.5264,-12.505,81.16,81,16,8.7
326,Caravelas,BR,2021-04-08 19:51:27,-17.7125,-39.2481,77.94,68,94,11.34
327,Eureka,US,2021-04-08 19:50:11,40.8021,-124.1637,59.0,69,29,8.01
328,Northam,GB,2021-04-08 19:51:28,51.0333,-4.2167,45.0,90,100,5.01
329,Tombouctou,ML,2021-04-08 19:51:28,20.0,-3.0,87.85,10,0,7.56
330,Hovd,MN,2021-04-08 19:51:29,48.0056,91.6419,40.21,30,8,5.19
331,Ardatov,RU,2021-04-08 19:51:29,55.2421,43.097,32.49,80,100,9.01
332,Srednekolymsk,RU,2021-04-08 19:51:30,67.45,153.6833,5.81,89,100,2.73
333,Ilulissat,GL,2021-04-08 19:51:30,69.2167,-51.1,33.8,80,75,14.97
334,Weatherford,US,2021-04-08 19:51:30,32.7593,-97.7972,82.0,38,40,4.0
335,Tommot,RU,2021-04-08 19:51:31,58.9564,126.2925,18.43,94,100,3.85
336,Maniitsoq,GL,2021-04-08 19:51:31,65.4167,-52.9,31.82,98,100,34.25
337,Surt,LY,2021-04-08 19:51:32,31.2089,16.5887,61.95,72,100,19.42
338,Atasu,KZ,2021-04-08 19:51:32,48.6814,71.6433,49.62,64,100,5.77
339,Clyde River,CA,2021-04-08 19:51:32,70.4692,-68.5914,12.2,92,90,32.21
340,Waipawa,NZ,2021-04-08 19:51:33,-41.4122,175.5153,62.01,82,20,16.11
341,Luanda,AO,2021-04-08 19:48:07,-8.8368,13.2343,78.8,83,75,6.91
342,Sisimiut,GL,2021-04-08 19:51:33,66.9395,-53.6735,34.43,91,100,22.17
343,Katherine,AU,2021-04-08 19:51:34,-14.4667,132.2667,73.4,88,64,3.56
344,Necocli,CO,2021-04-08 19:51:35,8.4234,-76.786,83.75,73,100,4.88
345,Yauya,PE,2021-04-08 19:51:35,-8.9833,-77.3,59.23,55,85,4.79
346,San Clemente,US,2021-04-08 19:51:35,33.427,-117.612,72.0,76,26,1.99
347,Pisek,CZ,2021-04-08 19:51:36,49.3088,14.1475,34.0,85,9,3.62
348,Yantarnyy,RU,2021-04-08 19:51:36,54.8717,19.9381,39.0,75,0,13.42
349,Jibuti,DJ,2021-04-08 19:51:37,11.5,42.5,80.6,69,1,3.44
350,Lulea,SE,2021-04-08 19:51:37,65.5842,22.1547,26.6,86,0,1.14
351,Nagato,JP,2021-04-08 19:51:37,34.3833,131.2,51.8,87,0,3.44
352,Dawson Creek,CA,2021-04-08 19:51:38,55.7666,-120.2362,28.4,50,1,5.75
353,Bien Hoa,VN,2021-04-08 19:50:36,10.95,106.8167,80.6,89,20,8.05
354,Cornwall,CA,2021-04-08 19:51:39,45.0181,-74.7281,69.8,37,1,14.97
355,Ilhabela,BR,2021-04-08 19:51:39,-23.7781,-45.3581,75.7,76,5,12.88
356,Mauldin,US,2021-04-08 19:51:39,34.7787,-82.3101,75.2,49,90,9.22
357,Fairbanks,US,2021-04-08 19:51:31,64.8378,-147.7164,14.0,72,40,9.22
358,Lompoc,US,2021-04-08 19:51:40,34.6391,-120.4579,61.0,59,32,18.41
359,Krotoszyn,PL,2021-04-08 19:51:40,51.6987,17.4374,37.99,69,58,4.0
360,Sabzevar,IR,2021-04-08 19:51:41,36.2126,57.6819,68.43,20,0,4.83
361,Aleksandrov Gay,RU,2021-04-08 19:51:41,50.147,48.5704,53.08,71,100,6.91
362,Aswan,EG,2021-04-08 19:51:42,24.0934,32.907,82.96,12,2,13.49
363,Celestun,MX,2021-04-08 19:51:42,20.8667,-90.4,84.33,63,3,13.04
364,Palu,ID,2021-04-08 19:51:42,-0.8917,119.8707,75.07,94,92,2.48
365,Socastee,US,2021-04-08 19:51:43,33.6835,-78.9984,82.4,73,1,14.97
366,Kommunar,RU,2021-04-08 19:51:43,59.6206,30.39,30.2,74,0,6.71
367,Minden,DE,2021-04-08 19:51:44,52.2833,8.9167,41.0,52,100,8.05
368,Aksha,RU,2021-04-08 19:51:44,50.2814,113.2867,39.0,49,86,2.1
369,Taltal,CL,2021-04-08 19:50:20,-25.4,-70.4833,69.85,73,89,7.96
370,Peleduy,RU,2021-04-08 19:51:45,59.6289,112.7406,29.57,94,96,9.66
371,Tiksi,RU,2021-04-08 19:51:45,71.6872,128.8694,-16.28,100,100,6.67
372,Griffith,US,2021-04-08 19:51:46,41.5284,-87.4237,66.0,82,90,3.44
373,Esperance,AU,2021-04-08 19:51:46,-33.8667,121.9,59.0,100,90,10.36
374,Martapura,ID,2021-04-08 19:51:47,-3.4167,114.85,73.89,97,99,1.25
375,Batemans Bay,AU,2021-04-08 19:51:47,-35.7167,150.1833,62.01,96,100,1.01
376,Pevek,RU,2021-04-08 19:51:47,69.7008,170.3133,-20.92,96,64,2.35
377,Tura,IN,2021-04-08 19:51:48,25.5198,90.2201,72.16,76,0,5.59
378,Nishihara,JP,2021-04-08 19:51:48,26.1842,127.7558,68.0,68,20,4.61
379,Laguna,US,2021-04-08 19:51:49,38.421,-121.4238,70.0,39,1,3.44
380,Manga,BF,2021-04-08 19:51:49,11.6636,-1.0731,93.24,8,86,5.59
381,Nur,PL,2021-04-08 19:51:49,52.6683,22.3221,35.01,87,74,1.99
382,Hamilton,US,2021-04-08 19:48:45,39.1834,-84.5333,64.99,77,90,10.36
383,Leningradskiy,RU,2021-04-08 19:47:48,69.3833,178.4167,-14.94,91,21,3.87
384,Ahuimanu,US,2021-04-08 19:51:50,21.4447,-157.8378,75.2,60,1,14.97
385,Madang,PG,2021-04-08 19:51:50,-5.2246,145.7966,75.47,91,100,7.9
386,Menongue,AO,2021-04-08 19:51:51,-14.6585,17.691,67.62,60,63,6.64
387,Gaptsakh,RU,2021-04-08 19:51:51,41.4517,47.9303,54.99,49,7,10.49
388,Hermiston,US,2021-04-08 19:51:52,45.8404,-119.2895,55.99,35,1,23.02
389,Arawa,PG,2021-04-08 19:51:52,-6.2132,155.5367,76.75,92,100,3.49
390,Bilma,NE,2021-04-08 19:51:52,18.6853,12.9164,87.33,6,0,5.1
391,Shaumiani,GE,2021-04-08 19:51:53,41.3527,44.7618,64.4,52,0,5.75
392,Bobo Dioulasso,BF,2021-04-08 19:51:53,11.1771,-4.2979,93.2,22,52,5.75
393,Nakhon Thai,TH,2021-04-08 19:51:53,17.1006,100.8374,81.0,38,2,1.28
394,Bedford,GB,2021-04-08 19:51:54,52.1346,-0.4663,48.0,71,75,18.41
395,Am Timan,TD,2021-04-08 19:51:54,11.0297,20.2827,94.05,9,97,2.04
396,Husavik,IS,2021-04-08 19:51:55,66.0449,-17.3389,21.2,86,90,18.41
397,Poum,NC,2021-04-08 19:51:55,-20.2333,164.0167,76.82,90,100,17.27
398,Karla,EE,2021-04-08 19:51:55,59.3723,24.9275,34.0,86,0,6.91
399,Atambua,ID,2021-04-08 19:51:56,-9.1061,124.8925,71.8,86,32,4.14
400,Paita,PE,2021-04-08 19:51:56,-5.0892,-81.1144,89.6,45,0,17.27
401,Kahului,US,2021-04-08 19:50:48,20.8947,-156.47,75.2,60,20,19.57
402,Opuwo,NA,2021-04-08 19:51:57,-18.0607,13.84,77.65,40,56,11.1
403,Egvekinot,RU,2021-04-08 19:51:57,66.3167,-179.1667,-10.48,96,77,0.69
404,Nikolskoye,RU,2021-04-08 19:51:58,59.7035,30.7861,36.0,74,0,6.71
405,Seoul,KR,2021-04-08 19:47:34,37.5683,126.9778,41.0,60,0,5.75
406,Notre-Dame-Du-Lac,CA,2021-04-08 19:51:58,47.6136,-68.7964,60.8,44,100,5.75
407,Omsukchan,RU,2021-04-08 19:51:58,62.5333,155.8,-8.86,99,90,4.81
408,Dalbandin,PK,2021-04-08 19:51:59,28.8947,64.4101,72.45,11,54,4.54
409,Comodoro Rivadavia,AR,2021-04-08 19:50:44,-45.8667,-67.5,62.6,48,0,9.22
410,Cranbrook,CA,2021-04-08 19:50:24,49.4999,-115.7688,46.4,29,75,14.97
411,Grants,US,2021-04-08 19:52:00,35.1473,-107.8514,69.8,11,1,18.41
412,Nantucket,US,2021-04-08 19:47:02,41.2835,-70.0995,50.0,76,90,21.85
413,Muzhi,RU,2021-04-08 19:52:00,65.3667,64.6667,29.17,95,95,10.2
414,Sao Filipe,CV,2021-04-08 19:52:00,14.8961,-24.4956,74.84,64,2,6.46
415,Skjervoy,NO,2021-04-08 19:52:01,70.0311,20.9714,24.8,68,0,0.96
416,Yaan,NG,2021-04-08 19:52:01,7.3833,8.5667,87.96,50,82,11.54
417,Saint-Augustin,CA,2021-04-08 19:52:02,51.226,-58.6502,39.99,99,93,1.19
418,Togur,RU,2021-04-08 19:52:02,58.3631,82.8265,30.7,96,99,2.91
419,Manbij,SY,2021-04-08 19:52:02,36.5281,37.9549,53.6,58,0,11.32
420,Miri,MY,2021-04-08 19:52:03,4.4148,114.0089,75.2,94,40,4.27
421,Golkoy,TR,2021-04-08 19:52:03,40.6875,37.6178,50.0,100,75,24.16
422,Innisfail,AU,2021-04-08 19:52:03,-17.5333,146.0333,71.96,93,100,4.05
423,Sivas,TR,2021-04-08 19:49:36,39.7916,37.0019,48.2,40,0,12.66
424,Roald,NO,2021-04-08 19:52:04,62.5833,6.1333,37.99,87,75,14.97
425,Vidim,RU,2021-04-08 19:52:05,56.4088,103.1106,23.65,98,51,2.86
426,Nabire,ID,2021-04-08 19:52:05,-3.3667,135.4833,74.91,90,85,3.96
427,Hajduhadhaz,HU,2021-04-08 19:52:05,47.6833,21.6667,33.8,93,30,2.95
428,Penzance,GB,2021-04-08 19:52:06,50.1186,-5.5371,46.0,76,100,2.3
429,Klyuchi,RU,2021-04-08 19:52:06,52.2667,79.1667,37.6,95,96,11.41
430,Hobyo,SO,2021-04-08 19:52:07,5.3505,48.5268,81.18,76,13,11.92
431,Bayonet Point,US,2021-04-08 19:52:07,28.3267,-82.6834,80.01,48,40,5.99
432,Esso,RU,2021-04-08 19:52:07,55.9333,158.7,19.38,92,100,8.5
433,Benjamin Aceval,PY,2021-04-08 19:52:08,-24.9667,-57.5667,89.6,55,0,11.5
434,Saint-Pierre-Des-Corps,FR,2021-04-08 19:52:08,47.3833,0.7333,48.2,43,0,2.3
435,Sao Joao Da Barra,BR,2021-04-08 19:52:09,-21.6403,-41.0511,80.6,57,40,11.5
436,Rybinsk,RU,2021-04-08 19:52:09,58.0446,38.8426,33.37,84,100,11.54
437,Tuam,IE,2021-04-08 19:52:10,53.5167,-8.85,44.01,3,100,11.43
438,Acapulco,MX,2021-04-08 19:52:10,16.8634,-99.8901,87.8,62,1,8.05
439,Lisala,CD,2021-04-08 19:52:11,2.15,21.5167,70.63,84,84,2.57
440,Snyder,US,2021-04-08 19:50:12,32.7179,-100.9176,78.8,13,1,5.75
441,Santa Fe,AR,2021-04-08 19:48:21,-31.6333,-60.7,91.99,49,100,8.99
442,Powell River,CA,2021-04-08 19:52:11,49.8496,-124.5361,46.99,61,20,12.66
443,Piacabucu,BR,2021-04-08 19:52:12,-10.4056,-36.4344,80.38,67,100,8.41
444,Yakovlevskoye,RU,2021-04-08 19:52:12,55.4419,37.9506,35.6,86,75,13.42
445,Millinocket,US,2021-04-08 19:52:13,45.6573,-68.7098,62.6,48,20,6.91
446,Tromso,NO,2021-04-08 19:49:21,69.6496,18.957,28.4,69,11,3.44
447,Sioux Lookout,CA,2021-04-08 19:52:13,50.1001,-91.917,37.4,87,90,11.5
448,Goderich,CA,2021-04-08 19:52:14,43.7501,-81.7165,80.6,32,80,16.11
449,Orsha,BY,2021-04-08 19:52:14,54.5153,30.4053,30.76,91,16,7.54
450,Tilichiki,RU,2021-04-08 19:52:14,60.4667,166.1,3.52,93,100,9.4
451,Manta,EC,2021-04-08 19:49:48,-0.95,-80.7333,86.0,66,20,8.05
452,Novaya Zaimka,RU,2021-04-08 19:52:15,56.4857,66.9241,32.85,96,100,4.16
453,Kampot,KH,2021-04-08 19:52:16,10.6167,104.1833,80.6,83,20,1.14
454,Sarangani,PH,2021-04-08 19:52:16,5.4033,125.4636,82.0,75,74,6.78
455,Rajura,IN,2021-04-08 19:52:16,19.7833,79.3667,91.58,22,100,6.13
456,Ambon,ID,2021-04-08 19:52:17,-3.6954,128.1814,84.99,83,88,7.52
457,Zavetnoye,RU,2021-04-08 19:52:17,47.1194,43.8903,53.58,91,100,10.2
458,Kieta,PG,2021-04-08 19:52:18,-6.2167,155.6333,79.03,86,100,8.39
459,Tingi,TZ,2021-04-08 19:52:18,-11.3,35.0333,60.15,90,23,1.86
460,Luderitz,NA,2021-04-08 19:52:19,-26.6481,15.1594,70.07,60,0,11.23
461,George Town,MY,2021-04-08 19:50:39,5.4112,100.3354,80.6,94,20,7.25
462,Aklavik,CA,2021-04-08 19:52:20,68.2191,-135.0107,-9.4,64,75,17.27
463,Brae,GB,2021-04-08 19:47:46,60.3964,-1.353,39.2,75,75,26.46
464,Lasa,IT,2021-04-08 19:52:20,46.6166,10.7002,50.0,43,0,2.3
465,Margate,GB,2021-04-08 19:52:21,51.3813,1.3862,45.0,57,100,5.01
466,Bondo,CD,2021-04-08 19:52:21,3.8146,23.6866,70.27,97,92,1.9
467,Saint-Pierre,RE,2021-04-08 19:52:22,-21.3393,55.4781,78.8,73,0,3.44
468,Ouesso,CG,2021-04-08 19:52:22,1.6136,16.0517,73.49,86,86,1.28
469,Den Helder,NL,2021-04-08 19:52:22,52.9599,4.7593,45.0,70,90,17.27
470,Wum,CM,2021-04-08 19:52:23,6.3833,10.0667,73.27,62,83,2.37
471,Verkhnyaya Inta,RU,2021-04-08 19:52:23,65.9811,60.3094,38.62,78,24,17.83
472,Altay,CN,2021-04-08 19:52:24,47.8667,88.1167,39.38,46,0,4.99
473,Port Hawkesbury,CA,2021-04-08 19:52:24,45.6169,-61.3485,57.2,58,1,10.36
474,Vallenar,CL,2021-04-08 19:52:24,-28.5708,-70.7581,81.97,28,0,8.75
475,Bathsheba,BB,2021-04-08 19:52:25,13.2167,-59.5167,86.0,54,40,12.66
476,Homer,US,2021-04-08 19:52:25,59.6425,-151.5483,28.99,74,75,11.92
477,Praya,CV,2021-04-08 19:52:26,14.9215,-23.5087,77.0,57,0,23.02
478,Tessalit,ML,2021-04-08 19:52:26,20.1986,1.0114,87.24,10,0,8.08
479,North Bend,US,2021-04-08 19:48:09,43.4065,-124.2243,51.01,76,90,10.36
480,Lodwar,KE,2021-04-08 19:52:27,3.1191,35.5973,89.44,35,25,15.93
481,Salalah,OM,2021-04-08 19:52:27,17.0151,54.0924,80.6,69,0,3.44
482,Coquimbo,CL,2021-04-08 19:52:28,-29.9533,-71.3436,68.0,60,0,14.97
483,Fort Nelson,CA,2021-04-08 19:52:28,58.8053,-122.7002,21.2,63,20,10.36
484,Okhotsk,RU,2021-04-08 19:52:28,59.3833,143.3,4.75,90,22,10.4
485,Yumen,CN,2021-04-08 19:52:29,40.2833,97.2,50.61,39,100,13.13
486,Ocampo,MX,2021-04-08 19:52:29,21.65,-101.5,80.62,10,2,13.98
487,Poso,ID,2021-04-08 19:52:30,-1.3959,120.7524,79.0,82,100,2.1
488,Sao Francisco De Assis,BR,2021-04-08 19:52:30,-29.5503,-55.1311,86.88,40,30,8.16
489,Hervey Bay,AU,2021-04-08 19:52:30,-25.2986,152.8535,70.0,91,8,1.01
490,Emba,KZ,2021-04-08 19:52:31,48.8264,58.1442,44.02,83,3,8.32
491,Maniago,IT,2021-04-08 19:52:31,46.1706,12.7078,46.4,46,0,2.3
492,Hwange,ZW,2021-04-08 19:52:32,-18.3693,26.5019,67.21,58,4,0.87
493,Arlit,NE,2021-04-08 19:52:32,18.7369,7.3853,88.93,6,53,9.93
494,Voi,KE,2021-04-08 19:52:33,-3.3945,38.563,72.52,83,94,7.38
495,Marabba,SD,2021-04-08 19:52:33,12.35,32.1833,91.9,9,19,9.66
496,Kuryk,KZ,2021-04-08 19:52:33,43.2,51.65,64.22,37,0,13.65
497,Mazamari,PE,2021-04-08 19:52:34,-11.3258,-74.5308,83.43,60,84,2.86
498,Walvis Bay,NA,2021-04-08 19:52:34,-22.9575,14.5053,71.6,56,2,2.3
499,Ozerne,UA,2021-04-08 19:52:35,50.1782,28.7338,32.68,79,45,8.75
500,Oussouye,SN,2021-04-08 19:52:35,12.485,-16.5469,91.4,69,0,4.61
501,Milkovo,RU,2021-04-08 19:52:36,54.7167,158.6167,24.46,73,100,18.81
502,Chumikan,RU,2021-04-08 19:52:36,54.7183,135.315,10.65,96,99,4.05
503,Lianzhou,CN,2021-04-08 19:52:36,24.7811,112.3825,58.55,82,97,3.62
504,Mount Isa,AU,2021-04-08 19:52:37,-20.7333,139.5,75.2,38,52,9.64
505,Smoky Lake,CA,2021-04-08 19:52:37,54.1169,-112.4686,37.4,60,100,18.41
506,Vao,NC,2021-04-08 19:52:38,-22.6667,167.4833,77.7,80,72,22.97
507,Esfarayen,IR,2021-04-08 19:52:38,37.0765,57.5101,57.2,33,0,6.91
508,Jefferson City,US,2021-04-08 19:52:38,38.5767,-92.1735,53.6,66,90,14.97
509,Talara,PE,2021-04-08 19:52:39,-4.5772,-81.2719,89.6,45,0,17.27
510,Irece,BR,2021-04-08 19:52:08,-11.3042,-41.8558,84.63,34,98,13.27
511,Vanimo,PG,2021-04-08 19:52:39,-2.6741,141.3028,76.73,90,100,4.12
512,Bogalusa,US,2021-04-08 19:51:14,30.791,-89.8487,84.0,34,1,3.44
513,Magway,MM,2021-04-08 19:52:40,20.15,94.9167,81.1,57,0,5.26
514,Novoagansk,RU,2021-04-08 19:52:40,61.9449,76.6625,30.56,95,100,4.27
515,Ambunti,PG,2021-04-08 19:52:41,-4.2365,142.8448,72.75,97,100,1.34
516,Belyy Yar,RU,2021-04-08 19:52:41,53.6039,91.3903,33.8,93,40,3.15
517,Kantunilkin,MX,2021-04-08 19:52:42,21.0917,-87.45,86.0,58,75,14.97
518,Vilhena,BR,2021-04-08 19:52:42,-12.7406,-60.1458,77.0,88,40,5.75
519,Rapid Valley,US,2021-04-08 19:52:43,44.0625,-103.1463,66.0,27,1,10.36
520,Sola,VU,2021-04-08 19:52:43,-13.8833,167.55,82.94,71,100,10.47
521,Valle De Juarez,MX,2021-04-08 19:52:43,19.9333,-102.9333,85.46,11,1,8.21
522,Saint-Francois,FR,2021-04-08 19:52:44,46.4154,3.9054,46.4,46,0,3.44
523,Rocha,UY,2021-04-08 19:52:44,-34.4833,-54.3333,78.03,66,100,9.82
524,Vestmannaeyjar,IS,2021-04-08 19:52:45,63.4427,-20.2734,26.1,59,1,25.17
525,Halifax,CA,2021-04-08 19:52:38,44.6453,-63.5724,62.6,42,20,17.27
526,Vozhega,RU,2021-04-08 19:52:45,60.4725,40.2213,32.04,97,100,12.91
527,Natchez,US,2021-04-08 19:52:46,31.5604,-91.4032,78.8,57,1,11.5
528,Kokoda,PG,2021-04-08 19:52:46,-8.8785,147.7407,73.02,93,96,3.89
529,Birao,CF,2021-04-08 19:52:46,10.2849,22.7882,86.0,7,30,5.7
530,Teguise,ES,2021-04-08 19:48:15,29.0605,-13.564,68.0,77,20,3.44
531,Pitimbu,BR,2021-04-08 19:52:47,-7.4706,-34.8086,84.2,70,40,14.97
532,Ganzhou,CN,2021-04-08 19:52:47,28.8184,115.4327,53.26,90,90,3.67
533,Ixtapa,MX,2021-04-08 19:52:48,20.7,-105.2,78.8,69,40,12.66
534,Malangwa,NP,2021-04-08 19:52:48,26.8568,85.5581,79.02,27,0,6.93
535,Salinas,US,2021-04-08 19:52:49,36.6777,-121.6555,61.0,55,1,8.05
536,Perry,US,2021-04-08 19:52:49,37.2506,-83.1999,66.2,68,90,10.85
537,Ponto Novo,BR,2021-04-08 19:52:50,-10.8628,-40.1336,85.06,45,61,14.74
538,Borovoy,RU,2021-04-08 19:52:50,55.4333,86.0833,28.4,93,69,4.47
539,Londoko,RU,2021-04-08 19:52:51,49.0333,131.9833,24.91,74,3,2.62
540,Bunia,CD,2021-04-08 19:52:51,1.5667,30.25,62.51,98,86,2.77
541,Tulum,MX,2021-04-08 19:52:51,20.2167,-87.4667,86.0,62,75,12.66
542,La Ronge,CA,2021-04-08 19:52:52,55.1001,-105.2842,41.0,81,100,6.91
543,Havoysund,NO,2021-04-08 19:52:52,70.9963,24.6622,30.2,74,20,2.3
544,Ugoofaaru,MV,2021-04-08 19:52:53,5.6667,73.0,82.0,76,13,7.96
545,Sungaipenuh,ID,2021-04-08 19:52:53,-2.0833,101.3833,63.03,94,86,2.64
546,Yanam,IN,2021-04-08 19:52:54,16.7333,82.2167,78.82,78,95,3.69
547,Warrington,GB,2021-04-08 19:52:54,53.3925,-2.5802,50.0,71,100,19.57
548,Huron,US,2021-04-08 19:52:55,41.1501,-82.5499,82.4,36,75,18.41
549,Senneterre,CA,2021-04-08 19:52:55,48.3835,-77.2328,68.0,40,40,11.5
550,Stawell,AU,2021-04-08 19:52:55,-37.05,142.7667,53.02,85,16,10.13
551,Eregli,TR,2021-04-08 19:52:56,37.5133,34.0467,53.74,33,94,0.87
552,Taki,IN,2021-04-08 19:52:56,22.5861,88.9214,82.4,78,40,13.8
553,Khuzhir,RU,2021-04-08 19:52:57,53.1939,107.3397,29.75,83,100,6.76
554,Beyneu,KZ,2021-04-08 19:52:57,45.3167,55.2,60.58,35,0,12.88
555,Unity,CA,2021-04-08 19:52:57,52.4501,-109.1682,38.19,68,100,17.36
556,Chimbote,PE,2021-04-08 19:52:58,-9.0853,-78.5783,73.36,77,44,10.31
557,Buraydah,SA,2021-04-08 19:52:58,26.326,43.975,87.8,20,81,2.3
558,Rabo De Peixe,PT,2021-04-08 19:52:59,37.8,-25.5833,60.8,82,40,19.57
559,Dunkwa,GH,2021-04-08 19:49:22,5.9656,-1.78,70.79,90,100,5.01
560,Sakakah,SA,2021-04-08 19:52:59,29.9697,40.2064,78.8,11,0,11.5
561,Inirida,CO,2021-04-08 19:53:00,3.8653,-67.9239,77.74,86,100,3.91
562,Haines Junction,CA,2021-04-08 19:53:00,60.7522,-137.5108,15.8,45,100,1.92
563,Grafton,US,2021-04-08 19:53:00,42.207,-71.6856,68.0,37,1,8.05
564,Smithers,CA,2021-04-08 19:53:01,54.7804,-127.1743,39.2,35,75,6.91
565,Saint-Ambroise,CA,2021-04-08 19:53:01,48.5501,-71.3324,64.0,39,100,5.75
566,Kokologo,BF,2021-04-08 19:53:02,12.1897,-1.8856,90.59,7,32,9.4
567,Tigil,RU,2021-04-08 19:53:02,57.8,158.6667,20.32,77,100,12.53
568,Brownsville,US,2021-04-08 19:53:03,25.9018,-97.4975,91.99,45,1,9.22
569,Hambantota,LK,2021-04-08 19:53:03,6.1241,81.1185,77.99,81,37,6.98
570,Bilibino,RU,2021-04-08 19:53:04,68.0546,166.4372,-11.54,95,39,3.22
